1.2.1.6. Egyes termékek és szolgáltatások fogyasztói átlagára (nyers adatok), havonta;;;;;;;;;;;;;;;;;;;;;;;;;;;;;;;;;;;;;;;;;;;;;;;;;;;;;;;;;;;;;
Kódszám;Megnevezés;2020. január;2020. február;2020. március;2020. április;2020. május;2020. június;2020. július;2020. augusztus;2020. szeptember;2020. október;2020. november;2020. december;2021. január;2021. február;2021. március;2021. április;2021. május;2021. június;2021. július;2021. augusztus;2021. szeptember;2021. október;2021. november;2021. december;2022. január;2022. február;2022. március;2022. április;2022. május;2022. június;2022. július;2022. augusztus;2022. szeptember;2022. október;2022. november;2022. december;2023. január;2023. február;2023. március;2023. április;2023. május;2023. június;2023. július;2023. augusztus;2023. szeptember;2023. október;2023. november;2023. december;2024. január;2024. február;2024. március;2024. április;2024. május;2024. június;2024. július;2024. augusztus;2024. szeptember;2024. október;2024. november;2024. december
10001;Rövidkaraj, kg;1 800;1 800;1 810;1 900;1 960;1 910;1 740;1 720;1 720;1 690;1 680;1 690;1 660;1 660;1 670;1 730;1 700;1 730;1 720;1 720;1 740;1 720;1 670;1 680;1 710;1 730;1 780;2 050;2 150;2 140;2 150;2 260;2 340;2 420;2 480;2 510;2 520;2 490;2 560;2 550;2 570;2 600;2 620;2 650;2 630;2 620;2 580;2 610;2 610;2 590;2 600;2 630;2 630;2 630;2 610;2 610;2 580;2 590;2 600;2 630
10003;Sertéshús, comb (csont és csülök nélkül), kg ;1 590;1 580;1 600;1 630;1 610;1 590;1 510;1 470;1 470;1 490;1 430;1 450;1 440;1 410;1 420;1 480;1 460;1 480;1 470;1 460;1 430;1 420;1 420;1 410;1 440;1 420;1 430;1 500;1 510;1 500;1 520;1 530;1 560;1 580;1 590;1 580;1 610;1 600;1 590;1 590;1 580;1 590;1 590;1 840;1 870;1 890;1 860;1 870;1 890;1 860;1 870;1 880;1 870;1 870;1 980;1 990;1 980;2 000;2 020;2 030
10103;Marhahús, rostélyos, csontos vagy csont nélküli, kg ;2 130;2 130;2 130;2 220;2 210;2 220;2 380;2 400;2 330;2 310;2 310;2 320;2 330;2 350;2 390;2 360;2 420;2 400;2 440;2 500;2 550;2 580;2 590;2 680;2 770;2 820;2 920;3 240;3 420;3 640;3 750;3 880;4 050;4 060;4 100;4 190;4 220;4 300;4 340;4 340;4 620;4 600;4 600;4 660;4 650;4 670;4 400;4 570;4 560;4 580;4 640;4 690;4 660;4 680;4 710;4 710;4 700;4 720;4 800;4 480
10401;Bontott csirke, kg;705;703;694;705;727;703;731;729;725;733;738;722;734;725;740;746;752;760;780;786;790;785;778;797;849;897;927;1 020;1 080;1 160;1 230;1 240;1 260;1 280;1 350;1 340;1 390;1 360;1 350;1 390;1 370;1 380;1 340;1 370;1 360;1 350;1 350;1 330;1 370;1 360;1 340;1 350;1 370;1 360;1 360;1 350;1 360;1 350;1 350;1 360
10405;Csirkecomb, kg;634;646;642;674;693;676;660;665;667;656;649;650;653;662;660;677;691;719;732;745;732;740;734;774;807;839;884;1 010;1 100;1 140;1 160;1 200;1 210;1 240;1 300;1 300;1 340;1 330;1 340;1 340;1 340;1 310;1 330;1 310;1 320;1 320;1 270;1 220;1 230;1 210;1 230;1 210;1 180;1 210;1 220;1 220;1 180;1 220;1 200;1 190
10407;Csirkeszárny, kg;600;606;607;604;636;625;641;642;635;631;639;641;639;642;650;659;681;701;715;720;719;720;713;731;763;784;824;945;981;1 030;1 060;1 080;1 100;1 100;1 190;1 200;1 180;1 190;1 210;1 240;1 230;1 240;1 210;1 180;1 170;1 150;1 140;1 160;1 170;1 160;1 150;1 150;1 140;1 140;1 140;1 140;1 130;1 140;1 140;1 130
10408;Pulykamellfilé, kg;1 890;1 880;1 930;1 920;1 940;1 980;1 930;1 940;1 920;1 870;1 850;1 790;1 840;1 840;1 900;1 880;1 920;1 920;1 920;1 920;1 930;1 920;1 930;1 930;1 970;1 990;2 030;2 090;2 280;2 380;2 490;2 540;2 590;2 730;2 940;3 140;3 340;3 410;3 480;3 400;3 380;3 340;3 180;3 050;3 070;3 050;2 920;2 850;2 850;2 800;2 830;2 830;2 800;2 830;2 820;2 880;2 840;2 830;2 870;2 920
10409;Csirkemellfilé (csont és bõr nélkül), kg;1 400;1 410;1 460;1 510;1 470;1 470;1 450;1 400;1 390;1 410;1 400;1 370;1 360;1 400;1 420;1 480;1 500;1 560;1 610;1 610;1 600;1 600;1 570;1 620;1 730;1 600;1 610;1 660;1 670;1 690;1 680;1 690;1 690;1 710;1 730;1 730;1 760;1 750;1 740;1 760;1 760;1 770;1 740;2 000;1 960;1 950;1 860;1 920;1 900;1 900;1 940;1 920;1 960;1 990;2 220;2 200;2 160;2 240;2 270;2 270
10501;Szárazkolbász, kg ;3 880;3 890;3 940;3 830;4 060;3 920;4 010;4 100;4 140;4 140;4 070;4 120;4 200;4 140;4 130;4 140;4 050;4 030;4 010;4 010;4 030;4 130;4 120;4 130;4 110;4 210;4 280;4 500;4 780;4 940;5 020;5 040;5 260;5 730;5 810;5 850;6 090;6 120;6 110;6 000;5 930;5 990;5 930;5 970;5 990;6 010;5 920;5 860;5 700;5 700;5 740;5 770;5 720;5 700;5 630;5 650;5 700;5 730;5 690;5 760
10502;Téliszalámi, kg;8 450;8 930;9 140;9 180;9 090;9 320;9 240;9 300;9 410;9 390;9 100;9 050;9 160;9 110;8 880;8 970;9 170;9 010;8 730;8 840;9 120;9 080;8 850;9 060;9 070;9 410;9 360;9 870;10 700;10 390;10 480;10 490;10 770;11 310;10 970;11 600;12 360;13 000;12 520;12 440;12 510;12 420;12 560;12 610;12 550;12 500;12 600;11 230;10 950;10 910;10 820;10 910;10 950;10 600;10 670;10 790;10 910;10 790;10 780;10 800
10506;Pulykamell sonka, szeletelt, kg;3 050;3 120;3 090;3 160;3 090;3 110;3 150;3 180;3 180;3 140;3 120;3 110;3 060;3 070;3 050;3 040;3 080;3 100;3 130;3 080;3 160;3 140;3 140;3 210;3 260;3 380;3 370;3 560;3 730;3 880;4 040;4 290;4 400;4 670;5 000;4 980;5 210;5 270;5 420;5 330;5 420;5 440;5 450;5 460;5 360;5 320;5 380;5 140;5 260;5 300;5 360;5 360;5 350;5 410;5 410;5 270;5 310;5 080;5 390;5 340
10507;Gépsonka, kg;2 530;2 610;2 670;2 750;2 770;2 690;2 780;2 860;2 870;2 920;2 880;2 850;2 850;2 870;2 880;2 900;2 880;2 880;2 870;2 890;3 040;3 040;2 970;2 970;..;..;..;..;..;..;..;..;..;..;..;..;..;..;..;..;..;..;..;..;..;..;..;..;..;..;..;..;..;..;..;..;..;..;..;..
10601;Párizsi felvágott, kg ;1 750;1 840;1 910;1 940;1 920;1 890;1 890;1 910;1 930;1 930;1 930;1 930;1 890;1 920;1 900;1 910;1 920;1 910;1 940;1 880;1 900;1 880;1 900;1 920;1 900;2 010;2 050;2 200;2 280;2 300;2 390;2 350;2 410;2 560;2 630;2 700;2 850;2 840;2 870;2 890;2 830;2 830;2 830;2 840;2 830;2 840;2 840;2 700;2 720;2 710;2 750;2 700;2 660;2 620;2 740;2 650;2 680;2 660;2 710;2 730
10602;Virsli, sertés vagy baromfi, kg;1 930;2 070;2 100;2 060;2 050;2 030;2 110;2 120;2 090;2 120;2 120;2 010;2 070;2 090;2 080;2 110;2 110;2 160;2 110;2 150;2 130;2 130;2 120;2 100;2 090;2 260;2 310;2 400;2 610;2 630;2 710;2 770;2 790;2 980;3 040;3 050;3 010;3 250;3 210;3 160;3 290;3 210;3 300;3 240;3 270;3 300;3 330;3 130;3 060;3 150;3 160;3 070;3 140;3 090;3 080;3 060;3 050;3 040;3 010;3 030
10603;Olasz felvágott, kg ;1 890;1 950;1 980;2 100;2 090;2 090;2 010;2 030;2 080;2 030;2 060;2 070;2 050;2 050;2 050;2 100;2 090;2 050;2 060;2 070;2 090;2 080;2 070;2 100;2 130;2 220;2 270;2 370;2 580;2 580;2 640;2 660;2 680;2 850;3 020;3 050;3 120;3 150;3 230;3 300;3 210;3 150;3 210;3 200;3 210;3 210;3 210;3 110;3 120;3 090;3 120;3 060;3 130;3 120;3 150;3 090;3 150;3 150;3 100;3 160
10801;Pontyszelet vagy filé, kg;2 220;2 230;2 240;2 260;2 280;2 290;2 290;2 290;2 290;2 280;2 270;2 320;2 330;2 320;2 350;2 370;2 360;2 390;2 430;2 460;2 490;2 520;2 540;2 570;2 650;2 670;2 730;2 860;2 980;3 120;3 220;3 290;3 410;3 580;3 730;3 930;3 980;4 090;4 160;4 170;4 130;4 140;4 140;4 170;4 180;4 230;4 230;4 270;4 260;4 320;4 310;4 240;4 340;4 320;4 290;4 250;4 250;4 390;4 410;4 470
11001;Tojás, 10 darab ;419;422;422;434;421;422;433;437;438;434;445;442;442;442;454;457;463;460;458;455;462;469;480;491;498;499;511;588;609;627;641;658;723;899;984;904;904;912;909;904;906;894;850;769;754;755;753;750;750;739;730;721;708;697;727;712;729;740;825;917
11101;Pasztõrözött ESL tej, 2,8%, liter ;258;263;262;256;264;260;267;270;266;264;265;263;258;267;268;264;269;266;265;266;272;273;277;294;303;303;315;319;347;363;380;414;441;468;495;532;557;562;553;535;533;501;470;465;455;453;462;460;457;453;450;440;439;432;437;423;476;483;487;493
11103;Pasztõrözött ESL tej, 1,5%, liter;237;244;245;244;242;236;243;247;246;244;244;244;242;245;247;247;248;247;246;247;246;248;252;274;286;287;289;303;325;340;357;380;410;433;459;512;515;521;517;489;493;479;437;431;422;419;421;428;430;421;415;418;413;415;410;413;434;453;445;491
11104;UHT tartós tej dobozban, 2,8% zsírtartalom, liter;253;257;264;261;260;254;257;261;257;260;260;258;258;262;265;265;264;262;263;265;265;268;274;300;315;278;274;277;277;279;282;281;282;282;286;294;298;299;303;302;304;300;297;321;310;312;308;309;318;319;320;321;320;318;397;414;451;462;463;455
11209;Sajt, trappista, tömb, kg ;1 810;1 850;1 900;1 870;1 870;1 840;1 910;1 900;1 900;1 930;1 960;1 950;1 940;1 950;1 950;1 970;2 010;2 000;2 000;1 990;1 970;2 040;2 130;2 210;2 400;2 440;2 550;2 700;2 920;3 150;3 410;3 630;3 850;4 050;4 250;4 590;4 650;4 560;4 030;3 660;3 440;3 270;3 200;3 060;2 910;2 850;2 960;2 860;2 950;2 970;2 980;2 960;3 000;3 030;3 080;3 060;3 150;3 350;3 340;3 360
11301;Tejföl, 20% zsírtartalom, kg;167;173;174;173;172;174;172;172;171;169;170;170;168;172;172;172;172;173;173;174;176;179;185;202;208;211;218;227;247;260;274;302;328;347;355;381;2 490;2 480;2 430;2 330;2 300;2 220;2 110;2 060;1 990;2 000;2 000;1 920;1 930;1 910;1 850;1 910;1 890;1 880;1 870;1 840;1 960;1 990;2 030;2 140
11306;Gyümölcsjoghurt, 125–150 g-os, db;132;127;133;123;131;133;132;134;135;139;135;140;138;142;143;144;148;147;147;148;147;146;149;151;159;161;162;165;168;173;185;187;194;207;210;206;221;219;224;221;220;221;220;221;214;217;213;206;202;205;206;198;204;206;201;199;203;200;207;216
11311;Tejföl 12% zsírtartalommal, 325–450 g-os, db;289;291;300;285;301;296;289;289;293;297;296;293;295;302;302;295;302;302;307;304;306;315;311;333;339;340;349;361;397;419;440;470;536;573;590;631;660;657;640;633;635;617;573;560;550;534;543;528;529;517;531;510;520;504;495;509;515;543;547;577
12001;Vaj, legalább 80% zsírtartalom, 100 g-os csomagolásban, db;342;351;350;342;341;339;347;335;341;343;337;332;332;337;343;335;333;335;346;335;341;353;361;383;391;404;412;415;470;495;527;590;638;702;741;797;791;797;734;727;708;662;640;601;582;612;571;569;621;599;580;597;582;578;528;578;610;625;616;715
12101;Sertészsír, 400–500 g (kivéve mangalica);433;437;443;432;446;449;455;455;458;457;452;460;456;455;453;459;456;457;460;460;463;470;478;483;497;508;518;579;627;636;671;723;795;873;1 010;1 040;1 070;1 080;1 070;1 040;1 020;984;938;878;854;848;880;844;812;832;801;740;750;761;761;766;778;788;768;775
12201;Csemegeszalonna, füstölt (elõre csomagolt is), kg;1 790;1 850;1 900;1 930;1 950;1 870;1 870;1 930;1 940;1 930;1 910;1 960;1 950;1 970;1 940;1 980;1 970;1 960;1 960;1 960;1 990;1 980;2 000;1 990;2 020;2 080;2 110;2 160;2 330;2 380;2 460;2 540;2 660;2 840;2 890;2 900;2 970;3 020;3 040;3 010;3 090;3 090;3 110;3 100;3 160;3 170;3 150;3 150;3 110;3 140;3 150;3 210;3 250;3 100;3 250;3 180;3 270;3 210;3 210;3 120
12301;Napraforgó-étolaj, liter;486;481;507;504;502;502;524;522;521;533;557;571;590;635;647;651;655;659;688;701;708;713;720;735;802;720;721;722;726;727;732;729;733;732;743;744;749;747;744;743;747;744;733;747;742;733;709;670;650;647;645;648;641;640;706;711;716;738;725;746
12402;Tejes margarin, 200–250 g, db;290;284;286;287;288;288;290;286;285;281;278;268;292;300;303;311;310;313;311;316;335;342;348;341;362;390;419;437;468;533;563;573;585;594;612;590;629;605;634;622;626;627;602;617;602;580;596;573;601;574;567;586;584;587;579;578;569;576;571;560
13002;Liszt, finomliszt, kg;167;168;166;171;172;171;172;171;176;178;180;178;181;183;182;185;182;185;185;186;188;203;218;223;242;211;212;211;212;211;212;211;212;211;213;217;219;225;227;229;230;229;229;201;194;192;193;183;179;178;176;178;177;178;261;262;264;274;275;261
13003;Rétesliszt, kg;211;210;213;212;209;212;216;216;217;216;218;217;217;220;221;223;229;226;228;230;232;248;259;268;287;304;311;338;361;371;410;440;449;468;486;484;482;483;484;476;466;453;427;401;382;367;356;331;336;335;329;329;331;328;326;326;325;337;332;335
13101;Rizs, hántolt, fényezetlen, kg ;356;358;355;374;384;391;401;407;412;413;413;419;419;423;423;428;438;434;440;438;437;435;434;441;467;492;504;518;555;574;607;641;683;718;757;769;777;779;782;767;754;757;763;752;744;741;747;734;736;733;735;730;731;730;731;736;733;727;728;749
13201;Kenyér, fehér, kg ;325;330;333;345;363;364;365;367;368;370;369;373;374;381;390;393;393;393;395;398;399;417;433;450;458;496;518;538;577;590;670;705;766;825;865;900;966;984;1 000;972;966;958;918;874;896;888;867;852;871;877;875;873;875;879;877;882;890;887;886;901
13206;Félbarna kenyér, kg;300;301;312;312;297;306;323;324;325;325;329;333;333;338;342;343;340;348;343;347;351;360;378;387;405;441;452;452;489;498;590;619;673;727;765;793;864;882;888;888;892;899;830;777;788;785;771;753;725;731;736;740;737;731;730;734;732;740;734;737
13301;Zsemle, 1 db;27;27;27;27;28;28;29;29;29;29;30;30;30;30;30;31;31;31;31;31;31;32;34;34;36;38;40;41;45;47;51;54;57;61;65;65;69;71;70;69;67;68;67;68;67;68;68;67;66;67;66;66;66;66;66;66;66;66;65;66
13305;Kakaós csiga, db;145;145;146;147;151;154;146;147;147;142;145;147;147;149;152;153;151;154;153;153;155;156;166;168;175;185;184;190;194;204;217;229;229;244;244;257;262;263;257;255;249;255;252;257;253;252;254;252;247;248;248;244;251;250;247;251;247;251;251;253
13404;Spagetti, 4 tojásos, gyári készítésû, 400–500 g-os, db;386;380;378;370;373;371;366;379;388;398;396;398;402;407;391;406;404;395;410;406;409;429;436;455;479;503;506;533;566;579;641;682;686;709;793;829;846;844;819;811;793;785;744;721;685;669;670;649;615;630;623;615;633;617;623;606;611;578;608;546
13501;Kristálycukor, kg ;223;227;233;242;246;246;244;243;242;244;244;249;254;253;254;255;255;254;253;254;254;261;267;277;287;262;260;261;259;259;260;260;261;260;258;258;260;262;262;262;261;261;261;447;437;432;427;398;388;373;365;361;359;348;411;416;409;406;389;386
13601;Kakaópor, 70–100 g-os, doboz;399;410;409;402;386;395;410;409;415;413;405;400;406;410;404;407;413;406;403;404;402;406;403;398;422;443;450;437;462;477;490;506;518;526;543;533;595;637;655;647;667;668;670;664;665;663;678;666;678;682;674;663;676;684;684;699;704;690;695;695
13617;Mogyorós tejcsokoládé, 90–100 g, egész- vagy törtmogyorós tábla, db;312;315;316;340;344;336;342;347;341;342;343;345;348;350;357;359;361;365;365;370;370;370;369;365;368;367;364;367;365;372;394;406;408;428;454;459;481;483;512;525;533;529;540;549;564;559;547;535;541;542;543;549;557;551;550;551;567;587;589;574
13711;Jégkrém, dobozos, liter;1 290;1 330;1 250;1 220;1 240;1 210;1 260;1 290;1 300;1 340;1 360;1 330;1 370;1 390;1 340;1 350;1 340;1 330;1 330;1 340;1 360;1 430;1 430;1 450;1 470;1 480;1 450;1 460;1 440;1 500;1 620;1 680;1 740;1 800;1 820;1 820;1 860;2 010;2 090;2 070;2 090;2 100;2 110;2 050;2 100;2 180;2 180;2 050;2 040;2 090;2 050;2 080;2 040;2 060;2 060;2 030;2 140;2 180;2 150;2 190
13801;Háztartási keksz, csomagolt 800–1000 g,csomag;652;650;646;627;630;632;655;646;641;642;637;634;643;641;643;646;639;646;650;652;659;665;673;671;687;693;698;731;742;743;988;996;970;1 060;1 190;1 180;1 210;1 190;1 200;1 190;1 170;1 160;1 150;1 120;1 120;1 140;1 260;1 240;1 220;1 190;1 180;1 170;1 170;1 160;1 150;1 140;1 150;1 160;1 110;1 110
13910;Akácméz, kg;3 580;3 670;3 670;3 700;3 710;3 740;4 080;4 390;4 480;4 540;4 580;4 610;4 640;4 690;4 710;4 720;4 750;4 730;4 750;4 800;4 800;5 220;5 640;5 860;5 900;6 020;6 130;6 090;6 100;6 220;6 310;6 370;6 410;6 460;6 670;6 810;6 790;6 790;6 680;6 690;6 790;6 710;6 670;6 670;6 620;6 590;6 480;5 990;5 990;5 940;5 860;5 840;5 880;5 870;5 870;5 840;5 820;5 790;5 730;5 440
14001;Korai burgonya, kg;..;..;..;..;490;349;269;..;..;..;..;..;..;..;..;..;602;508;331;..;..;..;..;..;..;..;..;..;759;477;361;..;..;..;..;..;..;..;..;..;934;753;533;..;..;..;..;..;..;..;..;..;814;561;429;..;..;..;..;..
14002;Kései burgonya, kg;253;258;278;293;317;325;..;234;217;207;212;213;220;223;226;233;261;296;..;249;244;252;260;266;270;272;278;284;295;322;..;322;352;380;392;391;400;404;408;420;453;487;..;445;410;401;400;398;398;407;415;424;435;448;..;375;372;386;395;396
14101;Sárgarépa, kg;295;289;300;333;308;264;366;329;315;305;304;295;295;294;298;317;312;281;380;354;338;324;318;315;322;320;322;329;332;305;403;400;416;423;419;420;426;434;469;525;433;387;730;655;617;589;529;526;535;537;528;526;577;513;594;552;546;559;552;529
14103;Vöröshagyma, kg;272;269;281;307;325;331;314;293;279;264;254;255;254;252;253;257;267;284;298;300;289;278;276;274;278;281;282;283;289;329;376;381;391;394;397;408;432;473;590;639;673;702;650;591;568;528;505;490;488;494;499;504;512;512;472;434;422;413;431;399
14104;Fejes káposzta, kg ;260;257;270;351;360;327;286;268;263;256;249;245;248;256;260;284;321;346;322;304;298;287;278;273;281;285;293;323;370;398;409;430;454;445;420;412;412;411;423;451;509;529;502;458;432;402;376;377;371;371;392;427;471;491;479;464;471;461;446;449
14107;Paradicsom, kg;845;931;975;978;830;597;459;479;467;562;663;729;874;877;894;959;777;627;584;523;614;637;717;763;951;1 090;1 270;1 390;1 070;889;748;686;696;1 010;1 100;1 100;1 280;1 550;1 870;1 630;1 340;1 000;798;630;664;825;1 170;1 270;1 550;1 430;1 400;1 370;1 170;881;735;719;873;1 190;1 370;1 360
14108;Zöldpaprika (szántóföldi és primõr együtt), kg;1 040;1 240;1 360;1 200;1 090;869;639;607;581;621;740;886;1 070;1 210;1 250;1 250;1 140;977;697;565;604;619;706;833;1 060;1 310;1 590;1 580;1 390;1 180;910;789;817;939;1 040;1 210;1 460;1 770;2 160;2 030;1 660;1 370;1 040;775;794;808;967;1 250;1 710;1 810;1 870;1 850;1 620;1 280;941;872;940;1 040;1 200;1 540
14110;Uborka, kg;792;1 040;916;678;631;548;524;493;505;572;763;731;907;1 050;1 020;857;768;627;529;553;598;601;732;923;1 010;1 260;1 260;1 150;908;704;654;744;820;898;974;1 180;1 350;1 560;1 850;1 250;1 030;848;703;689;737;776;955;1 190;1 370;1 300;1 340;1 110;982;869;818;929;1 010;1 050;1 100;1 130
14111;Gomba, kg;953;964;965;1 000;1 000;1 000;1 000;1 010;1 020;1 030;1 050;1 040;1 050;1 050;1 060;1 060;1 060;1 080;1 080;1 090;1 100;1 110;1 120;1 130;1 150;1 180;1 190;1 210;1 240;1 250;1 270;1 330;1 380;1 450;1 470;1 500;1 550;1 570;1 600;1 620;1 620;1 630;1 640;1 660;1 670;1 700;1 710;1 740;1 730;1 760;1 750;1 770;1 780;1 780;1 780;1 790;1 790;1 820;1 850;1 830
14201;Alma, kg ;345;357;385;427;497;546;617;624;563;494;462;457;449;449;443;450;457;455;455;454;441;413;402;398;405;408;413;427;438;457;465;476;486;488;474;475;480;489;492;493;517;529;528;536;520;504;497;512;509;531;536;536;551;571;591;607;598;587;593;600
14202;Görögdinnye, kg;189;193;200;223;248;336;278;221;221;211;206;195;193;197;195;206;212;390;303;214;214;209;205;195;200;204;210;224;228;534;391;325;325;335;338;327;335;340;341;351;361;555;503;343;343;343;365;343;344;351;348;363;363;584;462;348;348;355;360;338
14209;Körte, kg;746;783;811;874;960;1 050;959;851;752;719;744;760;785;806;813;847;876;888;907;881;794;784;798;822;867;898;922;984;1 030;1 050;1 040;983;928;910;938;973;999;1 060;1 090;1 150;1 200;1 260;1 350;1 280;1 130;1 080;1 120;1 140;1 180;1 240;1 230;1 290;1 300;1 300;1 190;1 120;1 070;1 110;1 160;1 190
14221;Citrom, kg ;725;751;759;930;1 050;1 030;1 040;1 030;1 010;919;883;809;764;793;780;770;766;784;832;971;993;929;798;725;738;740;756;814;868;1 030;1 120;1 140;1 140;1 110;1 120;1 060;1 070;1 040;1 040;1 010;1 030;1 080;1 100;1 070;1 070;1 000;924;942;972;951;964;946;982;997;1 040;1 090;1 310;1 310;1 110;1 030
14222;Banán, kg;508;513;518;522;522;528;491;475;476;464;453;457;488;514;523;521;524;507;503;489;500;499;497;477;518;542;578;595;602;598;581;595;660;729;745;765;801;830;833;830;813;767;738;715;708;737;747;719;740;752;753;774;774;776;769;766;754;751;754;742
14224;Narancs, kg ;478;468;472;554;613;667;723;746;791;813;762;596;545;536;507;532;560;580;614;670;701;712;699;593;563;549;564;582;607;645;682;746;859;938;936;758;733;717;704;745;775;839;865;832;877;921;1 030;885;817;817;764;772;780;793;812;878;942;1 030;981;900
14310;Dobozos narancslé, 100%-os gyümölcstartalom, 1 l, doboz;478;465;471;467;477;473;491;482;492;479;469;467;475;493;505;502;505;504;506;503;498;494;496;481;496;522;518;524;533;538;573;585;598;630;684;709;708;737;771;741;745;758;768;767;767;751;819;841;857;863;871;889;899;904;900;881;938;988;1 090;1 170
14401;Gyorsfagyasztott zöldborsó, kg;765;774;766;752;734;763;811;821;826;815;824;816;828;845;842;851;849;853;851;860;843;857;868;859;856;874;879;869;894;968;1 010;1 050;1 090;1 170;1 190;1 220;1 300;1 310;1 300;1 310;1 370;1 380;1 350;1 300;1 280;1 260;1 240;1 110;1 140;1 120;1 130;1 130;1 130;1 140;1 150;1 150;1 170;1 180;1 130;1 150
14425;Csemegekukorica-konzerv, kg;322;317;325;332;329;336;343;341;344;346;347;339;344;351;348;354;354;358;371;375;384;374;393;387;403;404;385;395;413;450;484;503;524;525;553;540;2 030;2 130;2 070;2 130;2 170;2 200;2 240;2 220;2 210;2 170;2 200;2 020;2 060;1 950;2 010;1 990;1 950;1 950;1 990;1 990;1 920;1 920;1 940;1 940
14508;Gyümölcslekvár, 250–650 g, min. 50%, kg;503;501;506;514;524;521;530;526;513;499;523;523;524;521;529;533;532;538;540;544;544;557;572;572;598;603;617;622;664;706;737;756;753;804;884;970;2 470;2 650;2 680;2 680;2 680;2 680;2 700;2 690;2 720;2 720;2 750;2 610;2 670;2 680;2 660;2 700;2 720;2 720;2 740;2 730;2 650;2 600;2 610;2 640
14601;Szárazbab, csomagolt is, kg;946;970;977;994;1 020;1 040;1 020;1 040;1 030;1 020;1 030;1 040;1 050;1 060;1 060;1 060;1 070;1 110;1 110;1 110;1 130;1 140;1 150;1 160;1 200;1 230;1 260;1 320;1 340;1 360;1 420;1 490;1 530;1 590;1 610;1 640;1 600;1 630;1 650;1 690;1 690;1 680;1 670;1 670;1 680;1 700;1 690;1 600;1 580;1 590;1 620;1 630;1 620;1 640;1 640;1 600;1 610;1 620;1 610;1 600
14701;Tisztított dió, csomagolt is (nem darált, nem cukrozott),kg;4 180;4 220;4 250;4 230;4 180;4 220;4 400;4 400;4 480;4 460;4 480;4 510;4 590;4 580;4 530;4 560;4 520;4 580;4 530;4 590;4 700;4 860;4 790;4 780;4 970;5 000;4 990;4 970;4 980;5 160;5 230;5 350;5 490;5 750;5 940;5 780;5 940;5 890;5 830;5 860;5 720;5 580;5 580;5 570;5 620;5 700;5 740;5 550;5 640;5 630;5 540;5 650;5 710;5 590;5 480;5 490;5 590;5 700;5 720;5 490
15101;Hasábburgonya, gyorsfagyasztott, félkész, 750–1000 g, csomag;533;534;534;547;569;558;562;569;559;554;562;548;556;566;562;572;565;569;576;574;586;597;597;591;605;611;613;646;678;740;761;779;802;863;982;1 060;1 100;1 120;1 140;1 160;1 150;1 150;1 070;1 060;1 020;1 030;1 050;1 010;986;985;980;1 050;1 040;1 050;1 090;1 080;1 090;1 090;1 080;1 090
15201;Bors, fekete, õrölt, 16–25 g, csomag;173;162;166;163;167;167;163;170;170;165;158;162;165;159;165;171;172;171;167;170;169;169;169;170;173;174;181;186;187;190;189;189;192;195;201;203;217;217;226;220;221;218;218;224;222;227;227;213;212;211;209;210;213;213;213;209;210;214;219;227
15202;Fûszerpaprika, csemege, 75–100 g-os tasakból 1 kg-ra számítva;4 580;4 630;4 630;4 690;4 710;4 680;4 840;4 900;4 940;4 900;4 880;4 970;4 990;4 970;4 970;5 030;5 040;5 020;5 040;5 050;5 030;5 030;5 000;4 980;5 040;5 200;5 330;5 440;5 440;5 650;5 690;5 800;6 090;6 260;6 400;6 670;6 660;6 910;7 320;7 570;7 790;7 960;8 240;8 210;8 240;8 190;8 430;9 040;9 000;9 010;9 010;8 860;9 070;9 120;9 040;9 160;9 120;9 160;9 080;8 760
15204;Só, étkezési, finomított, 1 kg (kivéve tengeri só), kg;136;138;137;141;141;143;146;146;147;147;148;148;146;147;147;150;149;149;150;152;154;157;157;158;158;162;162;163;169;177;185;192;206;216;231;266;291;306;313;311;313;310;303;304;306;303;299;273;272;271;271;271;271;270;269;269;267;267;268;268
16041;Napi menü, 2 fogásos, adag;1 140;1 160;1 170;1 190;1 200;1 220;1 230;1 240;1 240;1 250;1 250;1 260;1 270;1 270;1 280;1 290;1 300;1 320;1 330;1 340;1 360;1 370;1 390;1 400;1 440;1 450;1 470;1 500;1 540;1 560;1 600;1 650;1 700;1 750;1 780;1 820;1 870;1 890;1 930;1 970;1 990;1 990;1 990;2 010;2 030;2 030;2 040;2 040;2 070;2 090;2 100;2 130;2 130;2 140;2 150;2 160;2 160;2 160;2 170;2 180
16201;Iskolai ebéd, adag;381;384;389;389;389;389;389;389;394;397;397;397;400;402;402;402;403;404;404;404;409;410;410;410;411;412;412;412;412;412;412;412;468;481;486;490;505;522;536;556;555;558;558;558;578;584;585;588;594;597;599;604;604;604;604;604;617;618;619;613
16407;Hamburger, db;674;678;685;695;718;726;722;731;733;740;746;760;770;775;779;803;818;825;839;845;860;865;888;907;934;952;961;1 010;1 050;1 090;1 130;1 170;1 220;1 250;1 290;1 320;1 360;1 380;1 440;1 460;1 490;1 520;1 540;1 560;1 590;1 590;1 600;1 600;1 620;1 640;1 650;1 640;1 670;1 680;1 690;1 720;1 740;1 760;1 770;1 760
17011;Õrölt kávé 200–250 g, csomag;685;694;701;701;683;682;713;712;708;710;682;699;722;716;738;721;735;724;731;718;715;752;781;746;812;865;911;917;955;980;1 030;1 090;1 130;1 190;1 200;1 190;1 250;1 330;1 360;1 370;1 340;1 340;1 310;1 250;1 240;1 250;1 280;1 320;1 320;1 310;1 330;1 320;1 300;1 350;1 410;1 460;1 470;1 500;1 510;1 510
17101;Eszpresszókávé, vendéglátóhelyen, db;303;307;308;308;307;306;309;311;313;315;316;317;319;319;319;319;323;329;332;332;337;344;348;351;355;358;362;368;378;386;391;401;413;422;430;440;447;455;459;475;483;488;492;496;498;505;509;516;521;522;523;529;532;536;539;541;541;545;550;555
17305;Ásványvíz, 1,5 literes, mûanyag palackban;115;114;112;112;114;110;114;114;114;115;116;115;116;115;114;115;114;112;112;114;114;116;116;116;119;125;124;125;129;135;141;146;146;148;157;155;162;170;179;179;179;178;178;179;188;189;186;185;188;183;179;180;182;180;182;179;182;182;185;183
17308;Ásványvíz, szénsavmentes, 1,5 literes, eldobható mûanyag palackban, palack;114;112;111;114;115;112;115;114;116;116;116;116;118;117;116;117;116;114;113;116;115;117;117;118;121;126;125;127;131;135;143;147;147;150;157;155;162;172;177;183;182;180;180;183;191;194;186;186;..;..;..;..;..;..;..;..;..;..;..;..
17309;Coca Cola vagy Pepsi 1-2,5 l-es palackban, liter;375;378;378;385;386;391;388;384;387;391;392;381;384;390;389;386;385;384;383;380;384;394;386;398;387;393;403;412;411;428;456;478;491;485;516;548;313;324;357;356;359;357;369;360;371;372;377;370;367;381;385;382;377;380;386;373;384;378;400;401
18001;Földrajzi jelzés nélküli (FN) fehér bor, 0,75–2l, liter;569;572;575;588;569;572;585;591;595;598;606;608;609;610;612;615;613;621;618;616;613;613;622;615;619;622;631;673;680;684;722;724;740;747;759;771;433;446;457;462;469;434;433;431;427;429;431;426;425;457;467;471;473;472;475;477;481;488;493;497
18002;Földrajzi jelzés nélküli (FN) vörös bor, 0,75–2l, liter;602;603;605;603;606;606;617;622;621;629;636;638;643;643;649;652;662;660;666;657;662;663;663;652;666;694;699;738;744;745;765;783;789;812;816;806;426;419;424;444;446;448;444;448;442;453;456;447;454;467;468;472;473;468;470;471;475;477;481;484
18007;Tankpezsgõ, 0,75 literes, palack;1 080;1 070;1 060;1 050;1 020;1 020;1 080;1 080;1 050;1 070;1 100;1 030;1 070;1 070;1 090;1 080;1 100;1 080;1 100;1 110;1 110;1 120;1 120;1 030;1 110;1 150;1 150;1 140;1 210;1 220;1 280;1 280;1 280;1 300;1 340;1 280;1 370;1 340;1 380;1 380;1 460;1 440;1 490;1 520;1 490;1 500;1 510;1 410;1 490;1 500;1 470;1 530;1 560;1 570;1 590;1 590;1 550;1 540;1 550;1 400
18101;Sör, világos, lager típusú, 0,33–0,5 l, liter;220;222;225;221;220;218;222;225;223;222;223;224;226;229;229;229;228;228;225;229;227;231;232;231;237;246;245;250;253;258;269;279;281;292;298;308;663;695;714;729;733;725;725;715;725;709;703;694;726;744;748;744;750;752;745;750;741;750;737;736
18102;Sör, felsõerjesztésû (IPA, APA vagy ale) vagy búza, 0,33–0,5 l, liter;251;252;254;256;250;249;255;259;259;260;259;256;261;265;266;268;267;266;265;267;267;264;266;267;276;282;283;287;289;295;310;318;318;326;338;351;819;844;872;882;876;870;873;856;881;883;884;868;904;908;890;899;898;884;915;899;902;907;908;899
18204;Vodka, szeszes ital, 0,5–1 literes palackban, liter;2 760;2 790;2 780;2 700;2 720;2 730;2 880;2 870;2 810;2 850;2 810;2 770;2 860;2 890;2 830;2 870;2 870;2 890;2 930;2 860;2 920;2 930;2 880;2 880;2 980;3 030;2 950;2 980;3 030;3 070;3 230;3 200;3 350;3 320;3 330;3 200;6 700;6 840;6 840;6 960;7 100;7 070;7 080;6 970;7 080;6 980;6 880;6 700;6 770;6 980;7 000;7 040;7 150;7 190;7 010;7 130;7 250;7 220;7 220;7 170
18205;Unicum, 0,5 literes (ízesített is), nem díszdobozos kivitel, palack;4 180;4 340;4 260;4 590;4 440;4 150;4 270;4 230;4 220;4 160;4 260;4 190;4 390;4 370;4 320;4 290;4 300;4 240;4 300;4 250;4 310;4 260;4 350;4 210;4 380;4 620;4 690;4 510;4 770;4 680;4 910;5 080;5 090;4 990;5 220;4 910;5 340;5 380;5 510;5 470;5 470;5 430;5 590;5 430;5 430;5 510;5 540;5 300;5 540;5 700;5 640;5 630;5 670;5 580;5 620;5 650;5 620;5 530;5 600;5 500
18211;Ízesített szeszesital, 0,2 l-es, legalább 30% alkoholtartalom, palack;1 000;998;1 010;1 020;1 060;1 050;1 060;1 090;1 070;1 080;1 070;1 070;1 090;1 100;1 110;1 110;1 110;1 110;1 120;1 140;1 140;1 140;1 140;1 130;1 150;1 180;1 180;1 190;1 180;1 190;1 270;1 310;1 300;1 400;1 410;1 410;1 460;1 470;1 490;1 510;1 520;1 550;1 550;1 560;1 570;1 570;1 570;1 580;1 560;1 540;1 530;1 560;1 590;1 600;1 590;1 610;1 630;1 640;1 650;1 670
19002;Cigaretta, Sopianae, multifilteres, rövid, 20 db, csomag;1 330;1 330;1 340;1 360;1 360;1 360;1 380;1 390;1 390;1 420;1 420;1 550;1 550;1 550;1 580;1 650;1 650;1 650;1 650;1 650;1 660;1 680;1 680;1 710;1 710;1 710;1 710;1 710;1 740;1 740;1 740;1 740;1 740;1 740;1 740;1 740;1 740;2 000;2 000;2 050;2 050;2 050;2 100;2 100;2 100;2 100;2 100;2 100;2 150;2 150;2 150;2 170;2 190;2 190;2 190;2 190;2 190;2 190;2 190;2 290
19005;Multifilter cigaretta, 20 db, csomag;1 370;1 370;1 390;1 400;1 400;1 400;1 430;1 430;1 430;1 450;1 460;1 550;1 590;1 590;1 650;1 690;1 690;1 690;1 690;1 690;1 710;1 720;1 720;1 750;1 750;1 750;1 750;1 750;1 780;1 780;1 980;1 980;1 980;1 980;1 980;1 980;2 030;2 040;2 040;2 090;2 090;2 120;2 140;2 140;2 140;2 140;2 140;2 180;2 190;2 190;2 190;2 230;2 230;2 230;2 230;2 230;2 230;2 230;2 230;2 230
19011;Symphonia cigaretta, 20 db, csomag;1 230;1 230;1 230;1 260;1 260;1 260;1 260;1 260;1 270;1 290;1 320;1 320;..;..;..;..;..;..;..;..;..;..;..;..;..;..;..;..;..;..;..;..;..;..;..;..;..;..;..;..;..;..;..;..;..;..;..;..;..;..;..;..;..;..;..;..;..;..;..;..
19015;Pall Mall cigarettadohány (blue), 40 g, csomag;1 880;1 880;1 910;1 950;1 950;1 950;1 980;2 010;2 010;2 080;2 080;2 180;2 180;2 180;2 210;2 270;2 260;2 260;2 260;2 260;2 270;2 320;2 320;2 390;2 390;2 390;2 390;2 390;2 390;2 490;2 500;2 570;2 660;2 660;2 820;2 820;2 870;2 980;2 980;2 980;2 980;2 980;2 990;3 020;3 020;3 020;3 020;3 020;3 020;3 100;3 100;3 100;3 100;3 100;3 100;3 100;3 100;3 100;3 100;3 100
31071;Férfi átmeneti kabát, mûselyem vagy szintetikus selyem béléssel, 100 cm-es háthossznál hosszabb, db;22 950;22 820;22 950;22 290;21 580;22 290;22 960;22 650;20 400;22 520;22 080;22 520;21 820;21 690;22 790;22 610;22 080;22 610;22 530;22 350;22 110;23 130;23 250;23 130;22 850;22 960;23 560;23 980;23 990;23 980;23 990;24 090;25 410;26 500;26 820;26 650;26 470;26 610;27 140;27 840;27 940;27 840;27 850;27 620;28 880;29 900;29 140;29 250;28 950;28 720;24 030;23 710;23 670;23 710;23 530;23 290;24 460;25 750;25 070;25 080
31085;Férfifarmernadrág, db;10 370;10 310;10 270;10 090;10 100;9 920;10 340;10 390;10 330;10 280;10 250;10 100;9 980;10 030;10 150;10 360;10 310;10 400;10 520;10 540;10 600;10 570;10 670;10 780;10 770;10 880;11 270;11 350;11 390;11 600;11 800;11 950;12 060;12 260;12 460;12 730;12 690;12 700;12 950;13 110;13 150;13 130;13 040;12 830;13 090;13 180;13 290;13 410;13 330;13 430;13 560;13 630;13 600;13 540;13 450;13 560;13 560;13 620;13 680;13 730
31095;Férfiing, hosszú ujjú, minimum 65%-os pamuttartalom;6 090;6 000;6 210;5 980;6 060;5 980;6 300;6 180;6 240;6 370;6 210;6 170;6 110;6 210;6 250;6 320;6 400;6 370;6 330;6 350;6 420;6 680;6 760;6 820;6 730;6 790;6 910;7 030;7 120;7 150;7 390;7 650;7 880;8 040;8 220;8 310;8 370;8 290;8 420;8 590;8 740;8 860;8 920;8 850;9 070;9 260;9 460;9 400;9 160;9 120;9 330;9 610;9 570;9 640;9 530;9 380;9 540;9 790;9 900;9 890
31506;Férfi félcipõ, bõr, ragasztott mûtalp, pár;18 380;18 270;18 460;17 690;17 760;18 270;18 300;18 250;18 360;18 580;18 590;18 410;18 610;18 170;18 340;18 510;18 680;18 960;18 380;18 330;18 560;18 480;19 170;19 270;19 390;19 410;19 400;19 620;19 840;19 740;19 680;20 050;20 340;21 310;21 430;21 860;21 640;22 300;22 740;22 780;22 720;22 820;22 810;22 840;23 330;23 170;23 540;23 150;23 480;23 590;23 950;23 630;23 890;23 770;23 860;23 760;23 890;24 190;24 540;24 450
31508;Férfi-szabadidõcipõ, bõr, mûbõr-, textil kombinációval is, ragasztott mûtalp, pár;13 650;13 750;13 850;13 590;13 260;13 300;13 260;12 900;13 220;13 210;13 230;13 170;13 220;13 200;13 120;13 530;13 560;13 440;13 300;13 170;13 490;13 970;14 250;14 200;14 480;14 600;14 930;15 150;14 990;15 190;15 350;15 430;15 600;15 940;16 140;15 930;16 480;16 760;17 100;17 490;17 330;17 430;17 530;17 590;17 980;18 010;18 060;18 050;17 800;18 010;18 390;18 560;18 090;18 660;18 750;18 880;18 690;18 960;18 930;18 790
32071;Nõi átmeneti kabát, mûselyem vagy szintetikus selyembéléssel, 100–115 cm-es háthosszal, db;18 270;17 990;18 570;18 850;18 780;18 850;18 890;17 950;18 740;19 370;19 220;19 370;18 180;18 300;19 200;19 900;19 500;19 900;19 660;19 330;19 630;19 980;20 320;19 980;19 280;19 390;20 400;20 670;20 760;20 670;20 370;20 030;21 680;21 960;22 960;22 320;21 620;21 690;23 120;23 390;23 170;23 390;22 660;21 940;24 250;25 040;24 480;24 480;23 610;23 400;23 740;23 140;22 530;23 140;22 610;21 860;23 720;23 880;24 230;24 230
32086;Nõi farmernadrág, db;8 010;8 060;8 330;8 210;8 160;8 200;8 240;8 150;8 110;8 420;8 430;8 320;8 190;8 250;8 370;8 550;8 520;8 530;8 450;8 400;8 580;8 700;8 710;8 720;8 680;8 860;9 250;9 230;9 460;9 380;9 300;9 270;9 490;9 770;9 900;9 900;9 940;9 890;10 200;10 230;10 600;10 480;10 340;10 290;10 420;10 650;10 630;10 600;10 360;10 480;10 630;10 840;10 820;10 790;10 610;10 800;10 610;10 960;11 010;11 000
32089;Nõi pulóver, akril, vékony, hosszú ujjú, db;5 630;5 560;5 560;5 300;5 920;5 860;5 870;5 580;5 800;5 970;5 980;5 600;5 420;5 440;5 480;5 450;5 980;6 010;5 930;5 830;5 910;6 040;6 090;6 150;5 860;5 720;5 880;5 880;6 160;6 180;6 090;5 990;6 610;6 870;7 040;7 090;6 840;6 960;7 110;7 080;7 040;6 970;6 750;6 540;7 790;8 220;8 240;8 210;7 830;7 730;7 570;7 570;8 240;8 320;8 130;7 860;7 930;8 060;8 410;8 440
32503;Nõi félcipõ, bõr, ragasztott mûtalp, pár;16 670;16 590;16 830;16 620;16 240;16 730;16 270;16 440;16 880;16 930;16 830;16 480;16 720;16 690;16 930;17 330;17 200;17 200;17 240;17 240;17 580;17 890;17 920;18 260;18 060;18 260;18 220;18 500;18 230;18 140;18 140;18 570;19 080;20 090;20 140;20 490;20 660;20 940;21 540;21 910;22 340;22 290;22 120;21 640;21 830;22 200;22 440;22 010;21 860;22 030;22 740;22 840;22 500;22 540;22 150;22 100;22 400;22 870;23 120;23 610
32507;Nõi szandál, mûbõr, ragasztott mûtalp, pár;7 650;7 610;7 600;7 950;7 350;7 130;7 770;7 490;7 360;7 130;7 210;7 080;6 990;6 920;6 960;7 440;8 320;8 520;8 610;8 160;8 040;8 520;8 690;8 730;8 560;8 620;8 590;9 050;9 790;10 110;9 750;9 480;9 250;10 380;10 460;10 480;10 370;10 390;10 540;11 050;11 190;11 300;10 960;10 630;10 380;11 300;11 430;11 420;11 150;11 050;11 220;11 770;12 590;12 720;12 180;11 610;10 950;12 720;12 780;12 900
33501;Gyerek száras cipõ, bõr, ragasztott mûtalp, 23–26, pár;10 560;10 670;10 760;10 830;10 410;11 030;10 420;10 370;10 610;10 950;11 000;10 790;10 690;10 740;10 750;10 920;11 100;11 140;11 080;11 100;11 210;11 530;11 550;11 440;11 150;11 100;11 050;11 360;11 390;11 550;11 610;11 610;11 920;12 640;12 800;12 910;12 670;12 570;12 580;12 890;12 920;12 900;12 690;12 750;12 970;13 540;13 700;13 530;13 320;13 400;13 090;13 160;13 380;13 420;13 240;13 420;13 390;13 710;13 880;14 820
34208;Gurulós bõrönd, kb. 55x40x20 cm, db;11 840;12 440;12 250;12 360;12 030;11 870;11 700;11 880;11 750;12 220;12 210;11 940;12 030;11 690;11 920;12 520;12 420;12 710;12 030;12 010;12 680;12 950;13 090;12 480;13 530;13 090;13 890;13 960;15 200;15 640;15 940;16 800;17 830;18 130;18 170;18 460;18 920;19 410;19 710;19 880;20 540;20 260;20 630;20 960;20 870;20 810;20 320;20 870;21 030;21 080;21 470;20 570;20 760;21 020;20 810;21 280;21 340;21 160;20 760;20 850
34275;Hátizsák, ûrtartalom kb. 30 l, db;7 340;7 280;7 370;7 500;7 490;7 450;7 470;7 630;7 700;7 750;7 840;8 000;7 940;7 770;7 870;7 790;7 930;7 830;7 840;8 000;7 990;8 020;7 990;8 130;8 070;8 210;8 250;8 490;8 630;9 030;9 160;9 280;9 680;10 180;10 210;10 260;10 510;10 820;10 710;10 940;11 190;11 380;11 380;11 370;11 440;11 410;11 390;11 480;11 560;11 680;11 640;11 820;11 890;12 000;11 910;12 340;12 260;12 510;12 420;12 580
40049;Telekárpitozott sarok ülõgarnitúra, nyitható ágyszerkezettel, 260–300 cm x 140–180 cm, garnitúra;213 400;215 290;214 130;214 180;213 010;214 010;212 150;217 010;221 460;221 900;221 620;219 490;225 670;224 840;232 460;230 540;234 480;239 590;249 350;245 590;250 980;253 590;249 410;253 330;252 940;259 950;265 190;269 010;279 730;285 400;290 360;289 110;296 640;296 000;306 430;306 600;316 730;317 720;320 990;320 940;316 110;314 170;312 230;311 990;315 300;314 480;317 260;315 100;319 070;320 630;324 140;320 360;320 800;325 540;322 810;326 810;328 110;327 880;332 080;310 850
40101;Konyhaszekrény alsórész elem, 80–90 cm, 2 részes rozsdamentes mosogatóval szerelt, db;41 980;42 470;42 630;42 080;41 790;42 740;43 710;43 590;43 820;43 380;43 640;43 160;43 690;44 470;45 580;45 570;46 170;46 160;46 980;47 350;48 270;48 720;49 910;51 200;51 990;52 850;53 830;55 530;56 320;58 200;59 360;60 320;61 280;61 230;63 080;63 270;64 590;64 750;66 170;65 750;66 930;67 140;67 370;65 750;66 190;65 940;66 870;65 840;67 140;66 690;67 620;66 320;66 540;66 220;66 420;66 660;66 910;67 430;68 050;69 440
40103;Étkezõasztal 70–90x110–140 cm, db;33 760;34 210;34 750;35 210;36 920;36 040;35 230;36 320;36 670;36 390;36 470;36 830;37 790;38 690;39 520;40 380;40 400;42 180;42 250;43 780;45 140;45 460;46 800;47 020;46 870;48 170;48 800;50 450;52 190;54 010;55 000;57 140;58 330;57 370;60 270;62 550;63 250;63 520;64 380;66 420;65 660;68 910;68 560;68 070;66 020;66 520;68 120;66 180;69 100;68 850;69 620;67 480;67 040;67 550;66 760;67 070;67 740;68 370;67 440;68 500
40142;Gyermekkocsi, mély-vagy variálható (ikerkocsi kivételével), db;61 160;60 770;63 070;64 900;64 510;63 910;69 390;69 250;69 620;70 680;71 200;70 990;71 040;72 240;72 140;72 890;72 160;72 970;74 880;77 050;81 060;82 860;84 930;85 300;86 550;87 510;88 280;90 080;92 950;94 170;96 290;99 010;102 300;104 140;106 140;108 920;108 630;109 720;114 290;115 170;120 320;123 590;124 960;125 580;125 920;130 980;130 110;127 550;127 900;129 890;129 030;128 330;130 250;131 350;131 990;130 990;130 110;134 270;134 450;134 250
40207;Hûtõszekrény, egyajtós, kb. 75–150 l, db;61 950;62 200;62 120;61 910;61 280;60 780;62 310;63 670;62 700;63 100;63 630;64 090;65 090;65 850;65 840;65 340;66 850;69 350;70 690;70 650;69 700;71 610;71 180;71 560;73 280;75 440;76 530;79 500;80 880;81 310;84 090;85 130;86 330;86 600;90 510;92 940;93 860;94 070;93 710;93 410;93 940;94 780;92 660;92 070;91 530;89 670;88 430;87 230;89 390;89 000;92 040;90 770;89 560;90 010;91 400;89 540;91 830;92 710;92 710;91 760
40302;Automata mosógép 6–8 kg, db;104 960;105 860;104 330;104 970;103 030;103 910;106 750;106 770;107 030;108 140;107 360;108 920;110 690;112 330;113 340;114 450;113 100;114 420;113 640;115 180;117 790;117 580;119 240;119 500;120 710;120 640;120 390;127 230;131 780;134 330;137 340;140 100;144 540;148 020;150 140;151 800;154 210;155 430;156 770;155 860;156 720;154 930;154 630;155 570;155 800;155 820;157 650;156 860;157 540;157 640;156 200;157 920;159 790;160 510;161 430;164 030;162 590;162 730;160 200;162 510
40402;Olajtöltésû villamos radiátor, 2000–2600 W teljesítmény;17 960;17 520;17 710;17 900;17 940;18 070;18 150;18 180;18 170;18 620;18 370;18 140;18 280;18 200;18 550;18 570;18 630;18 750;18 990;19 250;19 370;21 170;21 530;22 060;22 650;22 380;22 500;23 030;23 580;24 060;24 640;25 150;25 660;29 970;30 810;31 110;31 040;30 670;30 160;30 320;30 720;31 150;30 970;31 190;31 230;30 870;30 030;28 980;29 400;28 200;27 370;27 400;27 330;27 330;27 280;27 240;27 530;29 180;29 500;29 410
40442;Gáztûzhely 3–4 fõzõhelyes, db;71 220;70 100;69 910;71 200;70 780;71 600;72 450;74 090;73 610;74 140;74 190;73 630;76 040;77 850;77 360;78 550;77 460;77 500;77 870;78 610;78 950;79 960;79 610;80 000;81 240;81 980;84 310;86 090;88 230;89 790;91 930;93 810;96 710;101 150;104 530;105 910;107 570;108 840;110 850;111 160;115 930;117 460;116 760;118 400;119 390;123 170;123 900;123 680;124 410;123 920;122 630;123 520;122 680;122 240;121 730;121 770;122 480;124 210;117 990;117 940
40502;Porszívó, 650–900 W-os, porzsák nélküli;27 020;27 000;27 610;27 070;27 270;27 320;27 810;28 720;27 970;27 950;26 910;27 090;27 780;28 390;27 740;27 480;27 780;27 550;27 720;28 020;28 170;28 660;28 730;28 920;29 040;28 850;30 100;29 960;30 720;31 200;31 040;31 410;31 550;31 950;32 670;32 610;33 400;33 410;34 040;34 440;34 910;35 530;35 820;35 670;36 470;36 150;35 190;35 280;35 920;35 750;36 210;36 860;36 770;36 660;37 200;37 390;37 160;38 050;38 350;38 110
41303;"Felnõtt kerékpár, 26–28"", 3–24 sebesség";76 040;76 890;77 330;79 590;80 310;80 850;82 320;82 450;83 490;82 870;82 980;82 830;84 170;86 120;87 420;89 130;90 060;91 900;92 740;93 850;94 410;94 920;95 680;96 400;98 940;102 540;104 610;108 810;110 910;112 390;114 380;116 380;119 340;117 620;118 540;118 460;119 710;120 140;121 440;123 110;124800;124 530;124 570;126 790;126 620;126 270;127 110;126 300;129 940;128 520;129 090;130 740;130 660;130 910;131 880;131 390;131 840;133 560;134 300;134 770
42107;LCD-LED televízió (76-82 cm), Full HD, db;70 170;68 890;67 870;68 580;69 560;68 630;69 230;68 580;67 530;67 790;68 130;67 740;68 400;69 180;68 440;70 510;71 220;71 260;71 140;73 720;77 290;76 810;78 690;80 360;82 250;83 100;84 170;84 090;83 700;83 400;84 490;83 180;84 010;82 010;81 200;81 730;80 810;81 040;82 170;81 130;81 660;82 480;82 240;81 760;81 600;81 550;79 370;79 770;81 610;80 610;81 170;81 970;81 590;81 110;82 140;81 790;80 970;80 670;78 010;78 620
42431;Férfi kvarcóra, analóg, márkás, db;27 880;27 960;27 830;28 320;28 880;29 030;28 450;28 550;28 630;28 300;28 550;28 360;28 480;28 140;28 120;28 070;28 120;28 140;28 410;28 250;28 610;28 640;28 790;29 150;29 420;29 770;30 110;30 290;30 450;31 050;31 260;31 760;32 200;32 470;32 860;33 470;34 150;33 670;33 970;34 170;34 000;34 300;34 120;34 570;34 530;35 000;34 840;35 250;35 000;35 130;34 830;34 150;34 270;34 790;34 760;34 780;34 800;34 960;35 360;35 410
42433;Nõi kvarcóra, analóg, márkás, db;22 720;23 040;23 020;23 350;23 250;23 360;23 220;23 330;23 400;22 950;23 360;23 020;23 010;22 990;22 910;22 960;22 970;22 910;23 680;23 500;23 850;23 880;23 840;24 090;23 920;24 140;24 190;24 290;24 630;25 400;25 650;25 940;25 890;25 940;26 360;26 990;27 260;27 460;27 300;27 980;27 790;27 780;27 690;27 920;27 930;27 730;27 620;27 870;27 400;27 240;27 420;26 880;27 110;27 840;28 050;28 120;28 140;28 610;28 690;28 960
42463;Tanuló gitár, akusztikus, mûanyaghúros is, db;23 310;23 450;23 400;23 620;23 710;23 450;24 450;24 680;24 880;25 080;25 170;25 300;25 540;25 620;25 720;25 720;26 100;26 170;26 080;26 190;26 290;26 230;26 370;26 620;27 820;28 350;28 610;29 190;29 450;29 570;30 060;30 310;31 490;31 860;32 010;32 310;33 620;33 720;34 190;34 050;34 300;33 950;33 970;34 080;34 260;34 810;35 040;35 630;35 790;36 070;36 400;36 020;35 740;35 720;35 630;35 510;35 610;35 590;35 720;37 020
43101;Karikagyûrû, 14 karátos aranyból, sima és mintás, g;20 760;21 000;21 550;22 660;23 630;24 350;24 690;24 960;24 950;25 400;25 460;25 680;26 050;26 290;26 350;26 700;26 850;27 230;27 690;28 060;29 190;29 310;29 470;29 620;30 040;30 260;31 750;32 540;32 410;32 970;33 420;34 960;35 440;36 380;36 720;37 450;37 650;38 220;37 870;37 890;37 840;37 950;37 950;39 060;38 310;38 370;39 460;39 500;39 920;39 890;40 100;40 510;40 820;41 160;42 000;42 250;42 950;43 400;43 550;44 700
50102;Brikett, 100 kg;8 640;8 610;8 590;8 590;8 590;8 590;8 580;8 580;8 590;8 860;8 860;8 990;8 940;8 980;8 910;8 910;8 910;8 910;8 910;8 910;8 940;9 180;9 440;9 820;10 110;10 490;10 510;10 530;10 530;10 530;10 530;10 570;10 570;17 320;19 470;20 920;20 920;21 190;19 050;18 840;18 220;17 790;18 020;17 980;17 970;20 380;20 080;19 220;18 940;18 710;18 430;18 010;17 850;17 430;17 280;17 270;17 320;18 400;18 560;18 920
50202;Egységes fûrészelt tûzifa, 100 kg;4 100;4 110;4 100;4 100;4 100;4 090;4 090;4 090;4 130;4 140;4 140;4 140;4 190;4 230;4 230;4 230;4 230;4 230;4 230;4 230;4 370;4 480;4 600;4 860;4 860;4 940;5 000;5 010;5 010;5 010;5 010;5 030;7 160;7 950;8 240;8 630;8 700;8 870;8 770;8 670;8 380;8 190;8 290;8 270;8 340;8 010;7 960;7 990;8 090;8 110;8 150;7 970;7 890;7 710;7 640;7 640;7 840;7 710;7 680;7 610
50501;Villamos energia, általános, 10 kWh;366;366;366;366;366;366;366;366;366;366;366;366;366;366;366;366;366;366;366;366;366;366;366;366;366;366;366;366;366;366;366;366;470;469;468;468;460;460;460;459;459;457;455;452;450;449;447;446;445;446;446;447;446;446;446;445;445;446;446;447
50502;Villamos energia, vezérelt, 10 kWh;233;233;233;233;233;233;233;233;233;233;233;233;233;233;233;233;233;233;233;233;233;233;233;233;233;233;233;233;233;233;233;233;354;354;352;348;346;345;345;345;344;342;339;337;335;333;331;329;329;330;330;330;330;330;330;329;329;329;330;331
50601;Vezetékes gáz, 1 m3;101;101;101;101;101;101;101;101;101;101;101;101;101;101;101;101;101;101;101;101;101;101;101;101;101;101;101;101;101;101;101;101;238;238;242;212;202;191;173;169;158;151;155;155;155;155;151;147;150;152;161;153;150;143;141;141;140;140;142;146
50701;Propán-butángáz 10,9–11,5 kg palack, cseredíj, palack;5 070;5 080;5 080;5 060;5 040;5 010;4 980;4 990;4 990;5 020;5 040;5 070;5 090;5 100;5 110;5 130;5 140;5 140;5 140;5 140;5 150;5 150;5 240;5 350;5 370;5 400;5 450;5 650;5 690;5 700;5 760;6 420;7 210;7 470;7 650;7 700;7 810;7 990;8 030;8 110;8 180;8 040;7 970;7 940;7 930;7 920;7 910;7 850;7 880;7 910;7 910;7 920;7 950;7 980;7 990;8 030;8 120;8 160;8 280;8 460
51016;Csempe, falburkoló, fehér és egyszínû színes, m2;2 680;2 700;2 690;2 760;2 780;2 790;2 780;2 750;2 750;2 740;2 710;2 720;2 720;2 740;2 770;2 810;2 840;2 880;2 940;2 940;2 960;2 950;3 010;3 120;3 360;3 430;3 630;4 170;4 610;4 800;4 950;4 980;5 160;5 270;5 300;5 360;5 550;5 640;5 600;5 540;5 500;5 470;5 470;5 440;5 450;5 350;5 400;5 340;5 360;5 400;5 390;5 360;5 420;5 420;5 410;5 360;5 490;5 560;5 570;5 680
51033;Laminált parketta, 7–9 mm-es (HDF vagy SPAN alapú), m2;2 960;2 970;3 020;3 080;3 060;3 050;3 100;3 130;3 120;3 110;3 140;3 150;3 150;3 170;3 190;3 230;3 290;3 320;3 380;3 400;3 430;3 430;3 450;3 510;3 630;3 690;3 750;3 990;4 320;4 560;4 730;4 880;5 070;5 130;5 300;5 350;5 440;5 440;5 600;5 420;5 350;5 370;5 350;5 390;5 400;5 340;5 320;5 340;5 310;5 360;5 380;5 380;5 370;5 350;5 310;5 330;5 510;5 410;5 260;5 180
51073;Diszperziós falfesték, beltéri használatra, 8–15 l-es kiszerelésben (Diszperzit, Tilatex, Diszkrilát stb.), 10 l;5 550;5 530;5 590;5 720;5 660;5 760;5 900;5 840;5 870;5 920;5 920;5 910;5 940;5 970;6 050;6 060;6 080;6 080;6 190;6 290;6 250;6 350;6 430;6 540;6 620;6 680;6 810;7 050;7 320;7 530;7 680;7 900;8 100;8 420;8 710;8 820;8 820;9 160;9 290;9 180;9 260;9 150;9 250;9 140;9 210;9 210;9 160;9 200;9 220;9 110;9 120;9 140;9 020;9 100;9 120;9 140;9 340;9 440;9 460;9 570
52112;Ágynemû-garnitúra, krepp, (nagypárna, paplan, kispárnahuzattal vagy anélkül), garnitúra;6 830;6 880;6 890;6 850;6 910;6 740;7 030;6 990;7 000;7 160;7 090;7 090;7 040;7 080;7 080;7 060;7 140;7 290;7 340;7 560;7 500;7 550;7 530;7 470;7 600;7 800;7 780;7 950;8 040;8 210;8 430;8 490;8 570;8 860;9 310;9 470;9 670;9 950;10 120;10 160;10 270;10 440;10 370;10 440;10 140;10 120;10 570;10 610;10 550;10 540;10 840;10 630;10 700;10 850;11 000;10 960;11 020;11 030;11 280;10 970
52119;Szintetikus takaró, 130–150x170–220 cm, db;6 620;6 800;6 690;6 470;6 390;6 640;6 890;6 780;6 810;7 080;7 130;7 140;7 060;7 070;7 140;7 170;7 310;7 120;7 160;7 200;7 240;7 300;7 400;7 380;7 240;7 460;7 520;7 560;7 780;7 840;7 980;7 950;8 060;8 360;8 340;8 780;8 900;8 910;8 970;9 140;9 060;9 000;9 050;8 930;8 990;9 170;8 900;9 240;9 050;9 150;8 910;8 810;9 130;8 840;9 000;8 800;8 890;9 110;8 770;8 950
52124;Frottírtörülközõ, 70x140 cm, db;3 000;3 080;3 040;2 900;3 060;3 120;3 130;3 050;3 100;3 100;3 140;3 120;3 080;3 090;3 160;3 090;3 210;3 230;3 350;3 320;3 240;3 350;3 420;3 440;3 490;3 580;3 730;3 600;3 760;3 870;3 950;3 990;4 060;4 250;4 450;4 360;4 340;4 610;4 480;4 680;4 580;4 720;4 690;4 930;4 740;4 570;4 800;4 780;4 950;4 840;4 720;4 920;4 750;4 910;4 890;5 020;5 030;5 010;4 850;4 880
52544;Ceruzaelem, tartós, LR6–1,5V, 4 darabos csomag;1 020;1 020;1 020;957;956;939;989;992;998;983;990;994;988;997;999;1 010;1 010;1 020;1 010;1 020;1 030;1 040;1 030;1 040;1 050;1 060;1 070;1 090;1 090;1 090;1 100;1 120;1 140;1 150;1 160;1 180;1 230;1 240;1 240;1 270;1 290;1 290;1 290;1 280;1 280;1 300;1 280;1 270;1 310;1 310;1 310;1 300;1 290;1 310;1 310;1 310;1 320;1 330;1 320;1 310
52602;Mosogatószer, szintetikus folyékony, koncentrátum, liter;381;382;392;396;398;389;402;403;405;417;432;429;428;432;434;438;431;437;432;437;430;442;447;457;458;466;475;484;495;507;525;543;596;625;651;670;1 450;1 480;1 580;1 650;1 670;1 700;1 670;1 720;1 700;1 660;1 650;1 650;1 620;1 650;1 650;1 630;1 630;1 600;1 590;1 580;1 550;1 560;1 550;1 560
52605;Öblítõszer koncentrátum, 1600–2000 ml;1 120;1 100;1 110;1 120;1 100;1 100;1 110;1 120;1 100;1 120;1 140;1 140;1 140;1 170;1 170;1 170;1 160;1 150;1 200;1 180;1 200;1 220;1 200;1 250;1 240;1 250;1 270;1 310;1 330;1 370;1 450;1 500;1 530;1 610;1 650;1 720;1 760;1 750;1 770;1 880;1 910;1 970;1 990;1 970;1 990;1 990;1 960;2 010;2 000;2 000;1 990;2 000;1 990;1 960;1 980;1 970;1 950;1 940;1 960;2 060
52619;Mosópor, 1,35–3,75 kg-os kiszerelésbõl átszámolva, kg;937;918;941;931;943;898;994;983;990;980;968;943;943;930;937;972;955;974;973;993;1 010;1 030;1 030;1 050;1 050;1 080;1 080;1 130;1 110;1 190;1 230;1 320;1 400;1 450;1 530;1 590;1 600;1 660;1 670;1 820;2 020;2 230;2 210;2 250;2 150;2 040;2 130;2 070;2 040;2 090;2 040;2 060;2 090;2 060;2 040;1 980;1 950;1 970;1 960;1 960
52621;Általános folyékony tisztítószer, 750–1000 ml;697;694;692;707;698;708;716;710;709;705;706;726;723;710;710;714;727;721;718;733;732;718;730;711;726;725;724;748;790;821;832;852;882;900;949;965;1 010;1 000;1 010;1 040;1 040;1 030;1 090;1 090;1 080;1 080;1 080;1 080;1 060;1 060;1 060;1 090;1 110;1 100;1 110;1 100;1 100;1 080;1 080;1 080
53002;Tusfürdõ, 250 ml-es, mûanyag flakonban;632;625;623;634;653;624;632;625;635;639;634;641;634;641;622;657;619;639;650;635;637;661;660;658;658;651;665;709;712;750;765;793;843;844;850;844;852;852;896;922;934;934;975;953;975;973;974;969;952;978;982;966;965;1 000;1 000;967;980;996;1 000;991
53005;Fogkrém, 75 ml-es, db;503;504;510;506;487;501;507;500;493;510;504;518;519;520;516;521;513;518;541;529;529;544;529;539;545;538;553;555;563;614;618;658;670;686;721;716;743;745;751;767;758;791;807;825;829;832;836;832;837;853;867;878;858;877;866;871;854;864;837;886
53007;Sampon, 200–250 g, vagy ml;738;772;753;756;710;728;744;756;761;762;788;776;786;796;790;785;794;779;780;775;779;794;786;805;795;805;821;849;867;879;908;963;969;1 010;1 030;1 060;1 070;1 120;1 120;1 170;1 180;1 200;1 190;1 190;1 180;1 190;1 220;1 210;1 250;1 230;1 260;1 250;1 250;1 230;1 230;1 250;1 220;1 240;1 240;1 250
53020;Folyékony szappan, 250–300 ml, utántöltõ kivételével;572;552;561;580;592;579;585;570;575;595;577;582;562;557;552;581;572;588;575;565;579;614;584;595;584;590;586;635;655;685;699;712;772;809;814;801;824;825;828;863;880;885;880;907;896;911;906;884;875;874;899;893;900;913;899;898;898;916;910;910
53021;Egészségügyi papír, 3 rétegû, 8 darabos kiszerelés;888;899;902;861;868;876;897;905;881;893;900;908;905;917;929;930;937;925;938;944;947;950;962;964;1 020;1 050;1 040;1 050;1 140;1 170;1 220;1 270;1 350;1 450;1 510;1 630;1 670;1 680;1 690;1 690;1 670;1 640;1 660;1 650;1 630;1 580;1 570;1 600;1 550;1 510;1 560;1 540;1 540;1 520;1 490;1 510;1 530;1 530;1 540;1 510
53022;Papírzsebkendõ, 90–100 db-os (3 rétegû);230;227;232;228;236;234;235;238;238;238;237;234;233;235;240;241;245;245;248;250;250;247;250;257;271;278;280;290;318;321;332;345;357;385;411;442;449;455;451;454;450;452;454;443;428;426;419;419;412;414;418;406;411;400;398;405;406;400;398;403
53174;Digitális lázmérõ, hónaljban mérõ;1 470;1 390;1 420;1 470;1 470;1 450;1 490;1 490;1 550;1 560;1 570;1 600;1 650;1 670;1 720;1 720;1 710;1 710;1 720;1 730;1 750;1 750;1 750;1 760;1 770;1 790;1 820;1 830;1 840;1 860;1 830;1 840;1 850;1 900;1 890;1 920;1 950;1 970;1 980;1 990;2 020;2 040;2 050;2 060;2 060;2 090;2 110;2 140;2 150;2 180;2 200;2 210;2 170;2 170;2 160;2 150;2 150;2 140;2 170;2 220
53188;Vérnyomásmérõ, digitális, felkaros, elemmel mûködõ, LCD kijelzõ;14 290;14 130;14 230;14 190;14 190;14 170;14 110;13 920;14 470;13 980;14 220;13 960;14 060;14 050;13 940;15 140;16 820;16 920;17 140;17 010;17 040;17 070;16 460;15 910;16 140;15 890;16 710;15 820;16 460;16 410;16 530;16 480;16 620;17 030;17 200;17 680;17 740;16 850;17 300;17 620;18 090;17 820;18 220;18 180;18 180;18 230;18 280;18 500;18 150;18 690;18 590;18 910;18 830;18 710;18 670;18 870;18 870;17 750;17 570;17 430
53192;Szemüvegkeret, fém vagy nikkelezett;16 340;16 410;16 670;16 650;17 240;17 220;17 550;17 690;17 910;18 080;18 190;18 250;18 470;18 670;18 830;18 900;18 950;19 090;19 370;19 020;19 180;19 480;19 830;19 930;20 350;20 490;20 740;20 760;20 890;21 320;21 370;21 340;22 020;22 910;23 090;23 310;23 600;23 760;24 030;24 510;24 790;24 600;24 770;24 720;24 970;25 040;25 020;25 180;25 290;25 490;25 820;25 890;26 060;26 130;26 180;26 030;26 470;26 450;26 770;26 890
53193;Lágy kontaktlencse, + - 6D, szférikus (SPF), 30 napos viseletre;5 660;5 710;5 670;5 580;5 570;5 590;5 910;5 860;5 880;5 590;5 600;5 590;5 610;5 660;5 620;5 700;5 710;5 760;5 820;5 800;5 970;5 910;5 930;5 960;5 990;5 950;6 000;6 080;6 190;6 240;6 340;6 410;6 550;6 640;6 730;6 770;6 780;6 900;6 940;7 010;7 020;7 000;6 820;6 910;6 930;6 880;6 710;6 710;6 800;6 790;6 830;6 840;6 950;7 020;7 030;7 070;7 140;7 150;7 130;7 150
53194;Szemüveglencse, mûanyag, + - 6D, antireflex réteg és felület keményítés nélkül;6 490;6 430;6 700;6 700;7 110;7 110;9 190;9 190;9 200;9 200;9 200;9 200;9 200;9 490;9 580;9 710;9 710;9 780;9 890;9 940;10 030;9 390;9 450;10 310;10 340;10 940;10 980;10 900;10 970;11 220;11 320;11 350;11 620;11 870;12 340;12 340;12 360;12 310;12 320;13 870;13 860;14 550;15 220;15 250;15 250;15 250;15 250;15 710;16 100;16 100;16 090;16 100;16 100;16 100;16 100;16 100;16 260;16 430;16 430;16 430
54042;Akkumulátor személygépkocsihoz, 12 V-os, 54–56 Amperórás (AH);23 110;23 270;23 320;23 090;23 830;24 110;23 590;23 650;23 940;23 910;23 900;24 060;24 150;24 600;24 820;24 890;24 890;25 370;25 510;25 390;25 900;25 910;26 040;26 310;26 380;27 140;27 530;28 170;28 660;29 100;29 420;30 110;30 910;31 120;31 730;32 000;32 150;33 190;33 680;33 610;33 760;33 980;33 780;34 140;34 100;34 440;34 590;34 610;35 520;35 560;35 760;35 630;36 510;36 280;36 480;36 720;36 590;36 570;36 680;36 810
54104;Autóbenzin, ólommentes, 95 oktánszámú, liter;398;383;362;293;311;343;371;369;375;374;358;370;385;401;429;426;434;431;450;455;457;487;498;472;478;480;480;480;480;480;480;481;481;481;481;595;642;622;607;606;565;578;584;631;650;622;601;570;567;604;619;642;616;593;616;611;588;593;606;619
54131;Gázolaj, liter;420;394;372;334;330;354;386;380;370;368;369;387;401;414;437;424;432;434;449;449;453;499;504;474;479;480;480;480;480;480;480;482;482;482;482;640;708;648;619;587;551;556;571;630;664;667;626;596;598;645;644;653;610;602;625;614;594;600;619;631
55004;Nemzeti Sport, 1 db;220;220;250;250;250;250;250;250;250;250;250;250;250;250;250;250;250;250;250;250;250;250;250;250;250;250;250;250;280;285;285;285;285;285;285;285;335;335;335;335;335;335;335;335;335;335;335;335;335;335;335;335;350;350;350;350;350;350;370;350
55045;Magyar Nõk Lapja, 1 db;335;335;335;335;335;335;335;335;335;349;349;349;359;359;359;359;359;359;379;299;379;379;379;379;379;429;429;429;429;429;449;449;449;449;469;469;499;499;499;499;499;539;539;539;539;549;599;549;579;579;579;579;579;579;619;619;619;619;619;619
56104;Macskaeledel, 400–415 g-os konzervdobozban, doboz;298;304;303;306;317;315;318;318;311;312;313;314;319;315;323;317;316;315;316;311;306;320;326;345;353;366;381;398;404;430;454;461;457;451;466;473;489;531;562;578;576;575;574;582;559;593;610;599;599;595;591;581;575;575;565;556;567;531;510;506
56153;Száraz kutyatáp, 2,5–5 kg, kg;2 020;2 030;2 050;2 070;2 010;2 040;2 050;2 040;2 050;2 050;2 090;2 080;2 080;2 100;2 100;2 130;2 150;2 180;2 190;2 210;2 190;2 290;2 340;2 350;2 360;2 420;2 420;2 470;2 530;2 580;2 770;3 080;3 260;3 250;3 390;3 460;1 130;1 270;1 420;1 460;1 430;1 490;1 500;1 600;1 590;1 630;1 620;1 600;1 570;1 580;1 520;1 530;1 560;1 460;1 510;1 480;1 480;1 440;1 440;1 400
61001;Önkormányzati összkomfortos lakás, havi bér, m2;375;375;379;381;383;384;389;390;390;389;391;391;390;390;390;390;391;392;392;392;392;392;393;393;396;396;395;395;395;396;396;401;402;407;407;407;421;422;427;436;438;443;449;449;449;450;450;451;460;466;466;467;468;468;468;469;472;470;470;473
61202;Társasház közös költsége, 50–60 m2;8 650;8 700;8 750;8 810;8 580;8 480;8 490;8 500;8 510;8 650;8 660;8 710;8 750;8 770;8 760;8 720;8 720;8 740;8 750;8 760;8 790;8 850;8 890;8 900;8 920;8 920;8 960;9 070;9 130;9 140;9 260;9 330;9 510;9 500;9 550;9 570;9 750;9 850;9 970;10 070;10 280;10 450;10 510;10 570;10 700;10 780;10 780;10 760;10 830;10 900;11 120;11 180;11 320;11 500;11 610;11 660;11 730;11 800;11 810;11 780
61504;Szemétszállítás (saját kuka, 110–120 literes), 1 ürítés díja;2 070;2 070;2 070;2 070;2 070;2 060;2 060;2 040;2 040;2 040;2 030;2 030;508;508;508;508;508;508;508;508;508;509;509;513;502;502;502;495;495;495;495;495;495;495;495;495;497;497;497;495;495;495;495;494;494;495;495;495;496;495;496;496;496;496;495;498;498;498;498;497
61601;Vízdíj, m3;297;297;297;297;297;298;298;298;298;298;298;298;298;298;298;298;298;298;298;298;298;298;298;298;298;298;298;298;298;298;298;298;298;298;298;298;298;298;298;298;298;298;298;298;298;298;298;298;297;297;297;297;297;297;297;297;297;297;297;297
61701;Csatornadíj, m3;364;364;364;364;365;365;365;365;365;365;365;366;366;366;366;366;366;366;366;366;366;366;366;366;366;366;366;366;366;366;366;366;366;366;366;366;366;366;366;367;366;366;366;366;366;366;363;363;363;362;363;363;363;363;363;363;363;363;363;363
63003;Férfi hajvágás, fõ;2 110;2 130;2 130;2 140;2 150;2 150;2 160;2 160;2 170;2 180;2 170;2 170;2 190;2 210;2 220;2 230;2 240;2 240;2 270;2 290;2 310;2 320;2 320;2 340;2 390;2 420;2 510;2 550;2 560;2 600;2 630;2 690;2 780;2 830;2 870;2 910;2 970;3 030;3 090;3 150;3 160;3 170;3 230;3 240;3 270;3 300;3 320;3 320;3 410;3 440;3 510;3 520;3 580;3 550;3 570;3 580;3 610;3 660;3 660;3 680
63005;Nõi hosszú haj mosása, vágása, szárítása;4 120;4 150;4 170;4 170;4 220;4 260;4 280;4 250;4 260;4 270;4 280;4 280;4 330;4 400;4 420;4 460;4 420;4 430;4 480;4 490;4 550;4 580;4 600;4 620;4 710;4 750;4 800;4 870;4 900;4 970;5 140;5 240;5 390;5 490;5 520;5 550;5 720;5 820;5 950;6 030;6 050;6 050;6 120;6 140;6 250;6 340;6 430;6 450;6 610;6 700;6 760;6 810;6 840;6 890;6 910;6 960;7 010;7 070;7 090;7 130
64211;Parkolás, óra;327;329;329;85;78;78;336;342;351;349;88;88;88;100;100;100;102;359;361;362;362;361;361;362;363;368;369;369;369;374;382;393;406;421;428;428;412;413;419;419;422;425;426;427;431;430;430;430;434;432;430;430;430;432;433;434;434;432;432;437
64304;Vonaljegy, db;308;308;308;308;307;307;307;307;308;308;308;308;308;308;308;308;308;308;308;308;308;307;307;307;305;305;305;306;305;305;305;306;307;308;309;309;313;315;317;318;318;319;321;321;384;385;385;385;390;390;390;390;392;392;392;392;392;392;392;392
64305;Tanuló havibérlet (Budapest nélkül), db;2 900;2 900;2 900;2 900;2 910;2 910;2 910;2 900;2 910;2 910;2 910;2 910;2 910;2 910;2 910;2 910;2 910;2 910;2 910;2 910;2 910;2 900;2 900;2 900;1 820;1 820;1 820;1 820;1 800;1 800;1 800;1 840;1 850;1 860;1 890;1 890;1 950;1 970;1 960;1 960;1 970;1 980;1 980;1 980;1 980;1 980;1 960;1 960;2 040;2 030;1 980;1 950;1 940;1 940;1 940;1 940;1 940;1 920;1 920;1 930
64306;Általános havibérlet (Budapest nélkül), db;7 960;7 950;7 950;7 950;7 930;7 930;7 930;7 930;7 930;7 930;7 930;7 930;7 940;7 940;7 940;7 940;7 940;7 940;7 940;7 940;7 930;7 900;7 900;7 900;4 950;4 950;4 950;4 950;4 940;4 940;4 940;5 010;5 020;5 030;5 100;5 100;5 210;5 270;5 340;5 370;5 390;5 390;5 390;5 410;5 420;5 420;5 450;5 450;5 670;5 680;5 670;5 520;5 530;5 530;5 530;5 530;5 530;5 530;5 530;5 520
64310;Nyugdíjas havibérlet (Budapest nélkül), db;2 920;2 880;2 880;2 880;2 880;2 880;2 880;2 880;2 880;2 880;2 880;2 880;2 890;2 880;2 880;2 880;2 880;2 880;2 880;2 880;2 880;2 870;2 870;2 870;1 980;1 980;1 980;1 980;1 960;1 960;1 960;2 000;2 020;2 020;2 050;2 050;2 120;2 130;2 170;2 170;2 180;2 190;2 190;2 190;2 190;2 190;2 200;2 200;2 300;2 290;2 290;2 090;2 130;2 130;2 130;2 130;2 130;2 130;2 130;2 140
64402;Taxi (km-díj), km;300;302;302;303;304;304;305;305;305;305;306;307;307;310;310;311;311;314;318;321;322;323;324;325;330;330;341;344;382;394;400;403;408;409;412;420;428;425;443;447;449;450;451;453;454;458;457;458;462;464;463;465;465;466;465;465;465;465;465;467
64632;Teljesárú menetjegy, busz, db;370;370;370;370;370;370;370;370;370;370;370;370;370;370;370;370;370;370;370;370;370;370;370;370;370;370;370;370;370;370;370;370;370;370;370;370;370;370;370;370;370;370;500;500;500;500;500;500;500;500;500;500;500;500;500;500;500;500;500;500
64633;Teljesárú menetjegy gyorsvonat, db;3 410;3 410;3 410;3 410;3 410;3 410;3 410;3 410;3 410;3 410;3 410;3 410;3 410;3 410;3 410;3 410;3 410;3 410;3 410;3 410;3 410;3 410;3 410;3 410;3 410;3 410;3 410;3 410;3 410;3 410;3 410;3 410;3 410;3 410;3 410;3 410;3 410;3 410;3 410;3 410;3 410;3 410;3 410;3 410;3 410;3 410;3 410;3 410;3 410;3 410;3 410;3 410;3 410;3 410;3 410;3 410;3 410;3 410;3 410;3 410
65101;Szabványméretû levél belföldre, db;135;135;135;135;135;135;135;135;135;135;135;135;145;145;145;145;145;145;145;145;145;145;145;145;145;145;145;145;145;145;160;160;160;160;160;160;..;..;..;..;..;..;..;..;..;..;..;..;..;..;..;..;..;..;..;..;..;..;..;..
66105;Személygépjármû vezetõ tanfolyam, tanfolyam;201 620;205 760;207 520;208 660;211 150;211 560;212 420;212 500;213 710;214 250;215 280;216 300;220 410;222 770;226 390;227 330;229 690;233 170;233 860;235 050;237 590;241 640;244 620;247 360;257 750;261 960;264 910;266 640;270 040;275 390;279 520;284 630;292 290;298 250;302 320;304 510;322 110;327 880;331 290;334 200;334 820;336 470;337 250;337 060;338 510;341 590;342 780;343 140;345 800;347 610;348 030;349 120;350 270;351 840;352 600;353 220;353 910;353 990;354 440;357 340
66303;Multiplex mozi, szombat este, db;1 700;1 710;1 710;1 710;1 710;1 710;1 710;1 710;1 710;1 710;1 710;1 710;1 710;1 710;1 710;1 710;1 720;1 720;1 720;1 720;1 730;1 730;1 730;1 850;1 870;1 870;1 870;1 870;1 870;1 880;1 900;1 900;1 900;1 990;2 100;2 150;2 160;2 180;2 210;2 220;2 250;2 250;2 250;2 250;2 250;2 260;2 270;2 530;2 540;2 560;2 590;2 620;2 620;2 640;2 650;2 670;2 670;2 670;2 880;2 880
66501;Múzeumba belépõjegy, db;1 050;1 080;1 080;1 080;1 080;1 080;1 080;1 090;1 100;1 120;1 120;1 120;1 120;1 120;1 120;1 120;1 120;1 130;1 140;1 140;1 160;1 170;1 180;1 170;1 180;1 190;1 220;1 230;1 250;1 270;1 310;1 320;1 350;1 370;1 380;1 390;1 400;1 420;1 460;1 520;1 540;1 570;1 580;1 590;1 600;1 630;1 640;1 640;1 710;1 690;1 700;1 690;1 710;1 730;1 780;1 790;1 790;1 800;1 820;1 840
66502;Állatkertbe belépõjegy, 1 gyermek részére, vasárnap,db;1 730;1 730;1 750;1 750;1 800;1 800;1 850;1 850;1 850;1 850;1 850;1 850;1 850;1 850;1 850;1 850;1 850;1 850;1 850;1 850;1 850;1 850;1 850;1 850;1 850;1 850;1 850;1 850;1 850;1 790;2 350;2 390;2 410;2 410;2 410;2 410;2 450;2 480;2 590;2 680;2 780;2 840;2 840;2 880;2 880;2 880;2 880;2 880;2 810;2 960;3 050;3 100;3 100;3 100;3 200;3 200;3 230;3 230;3 230;3 230
68122;Apartman, 30–40 m2 körüli, 2 fõre, 1 éjszaka, hétvége, önellátás, IFA nélkül, szoba;15 530;15 540;15 690;16 250;16 400;16 740;17 600;18 210;16 730;16 090;16 070;16 680;16 600;16 540;16 530;16 670;16 500;17 380;18 140;18 390;17 960;17 140;17 390;17 250;17 620;17 580;18 330;18 620;18 980;20 000;21 330;21 860;20 000;20 120;20 680;21 260;21 880;22 200;22 750;23 960;23 910;24 560;25 430;27 150;25 230;24 620;24 150;24 170;24 130;24 140;24 390;25 300;26 230;26 950;29 180;29 850;27 340;27 270;27 270;28 340
68191;Szálloda 3 csillagos, 2 ágyas szoba, reggelivel, 2 fõre, hétvégén, 1 éj, idegenforgalmi adó nélkül,szoba;20 150;20 070;20 350;21 420;21 770;22 610;23 250;23 430;22 130;21 170;20 370;20 070;20 090;20 010;20 490;21 280;22 110;23 200;24 630;25 570;23 570;22 450;21 650;21 580;22 500;22 210;22 800;23 510;24 260;26 040;27 750;29 210;26 930;26 500;26 510;27 480;27 470;27 380;28 690;30 360;31 240;32 740;34 510;35 690;32 900;31 200;30 220;31 100;30 590;31 010;31 600;32 450;33 370;35 530;37 480;37 940;35 390;33 630;32 410;32 440
68192;Szálloda 4 csillagos, 2 ágyas szoba, félpanzióval, 2 fõre, hétköznap, 1 éj, idegenforgalmi adó nélkül, szoba;29 070;28 920;29 700;30 490;29 900;30 220;32 480;32 820;31 440;30 590;30 340;30 260;29 420;29 470;29 070;29 790;31 210;33 100;35 670;36 890;34 030;32 250;31 250;31 060;30 880;31 220;32 450;32 990;34 030;36 710;40 430;41 560;37 300;36 400;36 180;38 990;39 990;45 290;49 800;53 030;54 680;55 870;60 380;61 790;55 190;53 090;52 120;51 780;51 900;51 760;53 080;54 000;56 030;57 470;61 050;63 420;57 980;56 190;55 670;55 110
68193;Panzió, zuhanyzós/fürdõszobás, 2 ágyas szoba, reggelivel, 2 fõre, hétköznap, idegenforgalmi adó nélkül, szoba;15 410;15 370;15 820;16 280;16 420;17 160;18 210;18 460;17 240;17 000;16 940;16 800;16 950;17 090;17 230;17 560;17 950;18 860;19 520;19 690;18 710;18 250;18 170;18 490;18 810;18 780;19 010;19 450;19 700;20 900;22 130;22 920;22 270;21 970;22 230;22 630;22 780;23 270;24 550;26 170;25 970;26 240;27 670;28 370;26 940;26 090;25 680;26 000;26 200;26 630;27 230;27 330;27 670;28 350;29 680;30 530;28 940;28 960;28 740;28 670
69131;Temetési szolgáltatás, egyedi megrendelésre (alapszolgáltatás: sírásás, ravatalozás, temetés levezetése, gyászkocsi stb.), fõ;252 540;254 120;255 010;257 100;266 860;267 790;266 670;266 550;269 990;270 870;271 550;273 030;274 640;279 530;280 750;282 920;283 680;283 970;289 140;289 910;293 230;295 900;297 910;299 430;302 940;308 510;310 030;315 010;318 260;321 940;326 930;331 990;335 960;341 620;345 270;348 310;363 380;374 540;380 430;385 690;392 900;399 180;403 500;408 280;409 700;409 310;410 310;412 290;422 680;429 490;434 110;438 330;440 320;441 340;442 080;442 910;446 400;448 830;451 680;452 750
69132;Temetési szolgáltatás, hamvasztás (alapszolgáltatás: ravatalozás, áldozati láng, temetés levezetése, gyászkocsi stb.), fõ;180 810;182 430;182 870;184 080;189 540;190 520;188 240;189 890;189 440;190 590;190 890;190 440;192 790;197 490;198 850;201 730;202 480;203 320;208 920;210 010;212 110;212 930;214 760;215 090;217 320;220 730;223 080;224 770;227 360;229 360;232 330;236 420;238 730;242 650;244 470;248 030;257 680;267 460;271 120;275 660;280 840;286 410;288 680;290 920;293 940;293 710;294 450;296 070;304 780;310 250;314 420;315 640;317 110;318 150;318 820;320 200;321 460;323 390;325 180;325 490
